member account,video title,viewing time,like
23,END-experiment end video,00:00:05,
23,LAB2-fear-3,00:00:58,
23,LAB2-Qin Shihuang-front,00:00:53,
23,LAB2-sad-5,00:00:58,
23,LAB2-fear-5,00:00:58,
23,LAB2-Walter White-negative,00:00:58,
23,LAB2-neutral-4,00:01:00,√
23,LAB2-Mike-Negative,00:00:59,
23,LAB2-Xiang Yu-front,00:00:58,
23,LAB2-sad-1,00:00:58,
23,LAB2-happy-4,00:00:48,
23,LAB2-sad-4,00:00:58,
23,LAB2-Columbus-Negative,00:00:58,
23,LAB2-Ekaterina-Negative,00:00:58,
23,LAB2-sad-2,00:00:33,
23,LAB2-Ekaterina-front,00:00:58,√
23,LAB2-happy-1,00:00:58,
23,LAB2-Newton-Negative,00:00:59,√
23,LAB2-neutral-2,00:00:59,
23,LAB2-fear-1,00:00:58,
23,LAB2-Cao Cao-Negative,00:00:58,
23,LAB2-happy-3,00:00:58,
23,LAB2-Emperor Wu of the Han Dynasty-front,00:00:58,
23,LAB2-Qin Shihuang-Negative,00:00:48,
23,LAB2-neutral-3,00:00:58,
23,LAB2-happy-5,00:00:33,
23,LAB2-Mike-Front,00:00:58,
23,LAB2-fear-4,00:00:59,
23,LAB2-Columbus-front,00:00:58,
23,LAB2-fear-2,00:00:58,
23,LAB2-Edison-Negative,00:00:58,
23,LAB2-Cao Cao-front,00:00:58,
23,LAB2-sad-3,00:00:43,
23,LAB2-Walter White-front,00:00:58,
23,LAB2-neutral-1,00:00:58,
23,LAB2-Xiang Yu-Negative,00:00:58,
23,LAB2-Edison-front,00:00:58,
23,LAB2-happy-2,00:00:58,
23,LAB2-Newton-front,00:01:00,
23,LAB2-Han Wu Emperor-Negative,00:00:58,
23,LAB2-neutral-5,00:01:00,
22,END-experiment end video,00:00:01,
22,LAB2-happy-1,00:00:30,
22,LAB2-Newton-Negative,00:00:30,
22,LAB2-Walter White-front,00:00:30,
22,LAB2-fear-2,00:00:31,
22,LAB2-Han Wu Emperor-Negative,00:00:30,
22,LAB2-happy-4,00:00:30,
22,LAB2-neutral-5,00:00:58,√
22,LAB2-Mike-Negative,00:00:30,
22,LAB2-neutral-1,00:00:58,√
22,LAB2-Edison-Negative,00:00:30,
22,LAB2-neutral-3,00:00:58,√
22,LAB2-fear-5,00:00:30,
22,LAB2-Columbus-Negative,00:00:33,
22,LAB2-Walter White-negative,00:00:30,
22,LAB2-sad-3,00:00:30,
22,LAB2-happy-3,00:00:30,
22,LAB2-Columbus-front,00:00:30,
22,LAB2-Qin Shihuang-front,00:00:30,
22,LAB2-fear-3,00:00:30,
22,LAB2-Ekaterina-front,00:00:53,√
22,LAB2-sad-5,00:00:58,
22,LAB2-Xiang Yu-front,00:00:30,
22,LAB2-sad-1,00:00:30,
22,LAB2-Qin Shihuang-Negative,00:00:30,
22,LAB2-Cao Cao-front,00:00:33,
22,LAB2-happy-5,00:00:43,√
22,LAB2-Edison-front,00:00:33,
22,LAB2-fear-4,00:00:30,
22,LAB2-sad-4,00:00:57,
22,LAB2-Emperor Wu of the Han Dynasty-front,00:00:33,
22,LAB2-neutral-4,00:00:58,√
22,LAB2-Cao Cao-Negative,00:00:57,
22,LAB2-Xiang Yu-Negative,00:00:31,
22,LAB2-Mike-Front,00:00:47,√
22,LAB2-fear-1,00:00:31,
22,LAB2-happy-2,00:00:47,
22,LAB2-Newton-front,00:00:31,
22,LAB2-neutral-2,00:00:58,√
22,LAB2-sad-2,00:00:36,
22,LAB2-Ekaterina-Negative,00:00:58,√
21,END-experiment end video,00:00:05,
21,LAB2-neutral-3,00:00:43,
21,LAB2-Newton-Negative,00:00:30,
21,LAB2-happy-3,00:00:34,
21,LAB2-Mike-Front,00:00:49,
21,LAB2-Edison-front,00:00:30,
21,LAB2-fear-3,00:00:30,
21,LAB2-happy-1,00:00:30,
21,LAB2-Columbus-Negative,00:00:31,
21,LAB2-Han Wu Emperor-Negative,00:00:33,
21,LAB2-sad-4,00:00:30,
21,LAB2-Xiang Yu-Negative,00:00:31,
21,LAB2-sad-1,00:00:34,
21,LAB2-Cao Cao-front,00:00:30,
21,LAB2-Ekaterina-Negative,00:00:33,
21,LAB2-fear-5,00:00:30,
21,LAB2-Mike-Negative,00:00:44,
21,LAB2-sad-2,00:00:44,
21,LAB2-fear-1,00:00:31,
21,LAB2-neutral-4,00:00:33,
21,LAB2-Qin Shihuang-front,00:00:30,
21,LAB2-neutral-1,00:00:30,
21,LAB2-Columbus-front,00:00:30,
21,LAB2-happy-4,00:00:43,
21,LAB2-Walter White-front,00:00:59,
21,LAB2-fear-2,00:00:31,
21,LAB2-Qin Shihuang-Negative,00:00:30,
21,LAB2-sad-3,00:00:34,
21,LAB2-Ekaterina-front,00:00:30,
21,LAB2-happy-5,00:00:43,
21,LAB2-fear-4,00:00:30,
21,LAB2-Walter White-negative,00:00:30,
21,LAB2-neutral-5,00:00:30,
21,LAB2-Xiang Yu-front,00:00:30,
21,LAB2-Cao Cao-Negative,00:00:30,
21,LAB2-happy-2,00:00:30,
21,LAB2-Emperor Wu of the Han Dynasty-front,00:00:38,
21,LAB2-sad-5,00:00:58,
21,LAB2-Newton-front,00:00:34,
21,LAB2-neutral-2,00:00:34,
21,LAB2-Edison-Negative,00:00:50,
23,END-experiment end video,00:00:05,
23,LAB1-fear-2,00:00:59,
23,LAB1-happy-4,00:00:58,
23,LAB1-Mike-front,00:00:58,
23,LAB1-neutral-3,00:00:58,
23,LAB1-Newton-front,00:01:00,√
23,LAB1-fear-4,00:00:59,
23,LAB1-Emperor Wu of the Han Dynasty-negative,00:00:58,
23,LAB1-happy-1,00:00:58,
23,LAB1-Qin Shihuang-front,00:00:57,
23,LAB1-sad-3,00:00:30,
23,LAB1-Columbus-Negative,00:00:58,
23,LAB1-neutral-1,00:00:56,√
23,LAB1-Xiang Yu-front,00:01:00,
23,LAB1-sad-1,00:00:58,
23,LAB1-happy-2,00:00:59,
23,LAB1-Walter White-front,00:00:58,
23,LAB1-sad-5,00:00:57,
23,LAB1-Edison-Negative,00:00:58,
23,LAB1-sad-4,00:00:58,
23,LAB1-Cao Cao-Negative,00:00:58,
23,LAB1-neutral-4,00:00:58,
23,LAB1-Ekaterina-Negative,00:00:58,√
23,LAB1-neutral-5,00:00:58,√
23,LAB1-Mike-Negative,00:00:58,
23,LAB1-Ekaterina-front,00:00:58,√
23,LAB1-happy-5,00:00:58,
23,LAB1-Cao Cao-front,00:00:58,
23,LAB1-Qin Shihuang-negative,00:00:58,
23,LAB1-fear-5,00:00:58,√
23,LAB1-Columbus-front,00:00:58,
23,LAB1-Walter White-negative,00:00:58,
23,LAB1-neutral-2,00:00:57,√
23,LAB1-Xiang Yu-negative,00:00:58,
23,LAB1-happy-3,00:00:58,
23,LAB1-fear-3,00:00:58,
23,LAB1-Edison-front,00:00:43,
23,LAB1-sad-2,00:00:57,
23,LAB1-Newton-Negative,00:00:58,√
23,LAB1-Emperor Wu of the Han Dynasty-front,00:00:32,
23,LAB1-fear-1,00:01:00,√
22,END-experiment end video,00:00:00,
22,LAB1-neutral-1,00:00:58,√
22,LAB1-fear-1,00:00:31,
22,LAB1-Walter White-front,00:00:30,
22,LAB1-neutral-3,00:00:58,√
22,LAB1-happy-1,00:00:30,
22,LAB1-Mike-front,00:00:29,
22,LAB1-fear-3,00:00:31,
22,LAB1-Newton-front,00:00:31,
22,LAB1-sad-2,00:00:30,
22,LAB1-Ekaterina-front,00:00:59,√
22,LAB1-neutral-5,00:00:58,√
22,LAB1-Xiang Yu-front,00:00:30,
22,LAB1-happy-4,00:00:33,
22,LAB1-fear-4,00:00:31,
22,LAB1-Edison-Negative,00:00:30,
22,LAB1-Columbus-front,00:00:58,
22,LAB1-sad-4,00:00:30,
22,LAB1-Qin Shihuang-front,00:00:29,
22,LAB1-neutral-2,00:00:59,√
22,LAB1-Emperor Wu of the Han Dynasty-front,00:00:58,
22,LAB1-happy-2,00:00:58,
22,LAB1-Columbus-Negative,00:00:30,
22,LAB1-sad-1,00:00:30,
22,LAB1-Ekaterina-Negative,00:00:59,√
22,LAB1-Newton-Negative,00:00:30,
22,LAB1-sad-5,00:00:30,
22,LAB1-Cao Cao-front,00:00:58,
22,LAB1-Walter White-negative,00:00:30,
22,LAB1-happy-3,00:00:33,
22,LAB1-fear-5,00:00:31,
22,LAB1-Emperor Wu of the Han Dynasty-negative,00:00:58,
22,LAB1-happy-5,00:00:38,
22,LAB1-Xiang Yu-negative,00:00:58,
22,LAB1-fear-2,00:00:31,
22,LAB1-Edison-front,00:00:29,
22,LAB1-Cao Cao-Negative,00:00:58,
22,LAB1-sad-3,00:00:30,
22,LAB1-Qin Shihuang-negative,00:00:33,
22,LAB1-neutral-4,00:00:47,√
22,LAB1-Mike-Negative,00:00:57,
21,END-experiment end video,00:00:03,
21,LAB1-neutral-3,00:00:48,
21,LAB1-fear-3,00:00:33,
21,LAB1-neutral-5,00:00:30,
21,LAB1-Mike-front,00:00:49,√
21,LAB1-happy-3,00:00:58,
21,LAB1-fear-5,00:00:48,
21,LAB1-Newton-Negative,00:00:44,√
21,LAB1-sad-3,00:00:53,
21,LAB1-fear-1,00:00:33,
21,LAB1-Emperor Wu of the Han Dynasty-front,00:00:30,
21,LAB1-happy-1,00:00:58,
21,LAB1-Walter White-negative,00:00:58,
21,LAB1-Ekaterina-Negative,00:00:43,√
21,LAB1-Edison-Negative,00:00:33,
21,LAB1-Xiang Yu-negative,00:00:33,
21,LAB1-happy-5,00:00:30,
21,LAB1-Ekaterina-front,00:00:43,
21,LAB1-sad-1,00:00:43,
21,LAB1-Newton-front,00:00:58,
21,LAB1-happy-4,00:00:43,
21,LAB1-Qin Shihuang-negative,00:00:30,
21,LAB1-sad-2,00:00:58,
21,LAB1-Cao Cao-Negative,00:00:30,
21,LAB1-neutral-1,00:00:30,
21,LAB1-fear-4,00:01:00,
21,LAB1-Columbus-Negative,00:00:30,
21,LAB1-sad-4,00:00:58,√
21,LAB1-Walter White-front,00:01:00,√
21,LAB1-neutral-2,00:00:30,
21,LAB1-Mike-Negative,00:00:38,√
21,LAB1-fear-2,00:00:58,
21,LAB1-Cao Cao-front,00:00:58,
21,LAB1-Columbus-front,00:00:43,
21,LAB1-happy-2,00:00:58,√
21,LAB1-Xiang Yu-front,00:00:37,
21,LAB1-neutral-4,00:00:32,
21,LAB1-Emperor Wu of the Han Dynasty-negative,00:00:33,
21,LAB1-Qin Shihuang-front,00:00:32,
21,LAB1-sad-5,00:01:00,√
21,LAB1-Edison-front,00:00:31,
19,END-experiment end video,00:00:05,
19,LAB2-fear-5,00:00:32,
19,LAB2-sad-1,00:00:33,
19,LAB2-Mike-Negative,00:00:30,
19,LAB2-fear-3,00:00:48,
19,LAB2-Ekaterina-Negative,00:00:30,
19,LAB2-neutral-4,00:00:53,
19,LAB2-Xiang Yu-Negative,00:00:33,
19,LAB2-happy-4,00:00:35,
19,LAB2-sad-3,00:00:33,
19,LAB2-Cao Cao-Negative,00:00:48,
19,LAB2-fear-1,00:00:37,
19,LAB2-Qin Shihuang-front,00:00:30,
19,LAB2-happy-2,00:00:33,
19,LAB2-Columbus-Negative,00:00:38,
19,LAB2-sad-5,00:00:38,
19,LAB2-Qin Shihuang-Negative,00:00:48,
19,LAB2-Edison-Negative,00:00:43,
19,LAB2-Newton-front,00:00:30,
19,LAB2-happy-3,00:00:48,
19,LAB2-Ekaterina-front,00:00:53,
19,LAB2-happy-5,00:00:38,√
19,LAB2-Walter White-negative,00:00:30,
19,LAB2-neutral-1,00:01:00,√
19,LAB2-Emperor Wu of the Han Dynasty-front,00:00:38,
19,LAB2-neutral-3,00:00:30,
19,LAB2-Cao Cao-front,00:00:56,
19,LAB2-sad-4,00:00:48,
19,LAB2-Walter White-front,00:00:58,
19,LAB2-fear-4,00:00:31,
19,LAB2-Edison-front,00:00:48,
19,LAB2-fear-2,00:00:32,
19,LAB2-Xiang Yu-front,00:00:53,
19,LAB2-neutral-5,00:00:43,√
19,LAB2-Newton-Negative,00:00:30,
19,LAB2-Columbus-front,00:00:34,
19,LAB2-Han Wu Emperor-Negative,00:00:48,
19,LAB2-sad-2,00:00:44,
19,LAB2-happy-1,00:00:39,√
19,LAB2-Mike-Front,00:00:33,
19,LAB2-neutral-2,00:00:55,√
20,END-experiment end video,00:00:05,
20,LAB2-happy-5,00:00:53,
20,LAB2-fear-3,00:01:00,
20,LAB2-Newton-front,00:00:38,
20,LAB2-happy-3,00:00:43,√
20,LAB2-Xiang Yu-Negative,00:00:53,
20,LAB2-sad-4,00:00:33,
20,LAB2-Edison-front,00:00:53,
20,LAB2-Qin Shihuang-Negative,00:01:00,√
20,LAB2-Cao Cao-front,00:00:58,√
20,LAB2-neutral-2,00:00:58,
20,LAB2-fear-1,00:00:48,
20,LAB2-Walter White-front,00:00:58,
20,LAB2-sad-2,00:00:58,√
20,LAB2-Columbus-Negative,00:00:38,
20,LAB2-fear-5,00:00:58,
20,LAB2-neutral-4,00:00:58,
20,LAB2-Han Wu Emperor-Negative,00:00:42,
20,LAB2-happy-2,00:00:53,√
20,LAB2-Qin Shihuang-front,00:00:58,
20,LAB2-sad-1,00:00:32,
20,LAB2-Mike-Negative,00:00:58,
20,LAB2-Cao Cao-Negative,00:00:58,
20,LAB2-neutral-3,00:00:58,
20,LAB2-happy-1,00:00:58,√
20,LAB2-Ekaterina-Negative,00:00:57,√
20,LAB2-fear-2,00:01:00,
20,LAB2-Mike-Front,00:00:58,
20,LAB2-sad-3,00:00:43,
20,LAB2-Emperor Wu of the Han Dynasty-front,00:00:57,
20,LAB2-Xiang Yu-front,00:00:48,
20,LAB2-happy-4,00:00:37,
20,LAB2-sad-5,00:00:57,
20,LAB2-Columbus-front,00:00:30,
20,LAB2-Walter White-negative,00:00:37,
20,LAB2-neutral-1,00:00:57,√
20,LAB2-Ekaterina-front,00:00:57,√
20,LAB2-neutral-5,00:00:57,√
20,LAB2-Edison-Negative,00:00:56,
20,LAB2-fear-4,00:01:00,√
20,LAB2-Newton-Negative,00:00:41,
16,END-experiment end video,00:00:05,
16,LAB2-neutral-1,00:00:59,
16,LAB2-fear-3,00:00:30,
16,LAB2-Newton-front,00:00:30,
16,LAB2-sad-5,00:00:30,
16,LAB2-Columbus-Negative,00:00:31,
16,LAB2-Qin Shihuang-Negative,00:00:30,
16,LAB2-neutral-3,00:00:59,
16,LAB2-Mike-Front,00:00:30,
16,LAB2-happy-1,00:00:30,
16,LAB2-Ekaterina-Negative,00:00:59,
16,LAB2-fear-1,00:00:31,
16,LAB2-Edison-Negative,00:00:59,
16,LAB2-sad-3,00:00:30,
16,LAB2-Walter White-negative,00:00:30,
16,LAB2-happy-4,00:00:59,
16,LAB2-Xiang Yu-Negative,00:00:31,
16,LAB2-happy-3,00:00:59,
16,LAB2-Cao Cao-Negative,00:00:59,
16,LAB2-fear-4,00:00:30,
16,LAB2-Han Wu Emperor-Negative,00:00:30,
16,LAB2-neutral-5,00:00:58,
16,LAB2-Newton-Negative,00:00:31,
16,LAB2-happy-2,00:00:39,
16,LAB2-Emperor Wu of the Han Dynasty-front,00:00:39,
16,LAB2-sad-1,00:00:30,
16,LAB2-Cao Cao-front,00:00:30,
16,LAB2-neutral-2,00:00:30,
16,LAB2-Walter White-front,00:00:58,
16,LAB2-Xiang Yu-front,00:00:30,
16,LAB2-happy-5,00:00:28,
16,LAB2-sad-4,00:00:48,
16,LAB2-Edison-front,00:00:30,
16,LAB2-fear-2,00:00:31,
16,LAB2-Ekaterina-front,00:00:31,
16,LAB2-fear-5,00:00:35,
16,LAB2-Qin Shihuang-front,00:00:30,
16,LAB2-sad-2,00:00:30,
16,LAB2-Columbus-front,00:00:32,
16,LAB2-neutral-4,00:00:30,
16,LAB2-Mike-Negative,00:00:30,
18,END-experiment end video,00:00:00,
18,LAB2-happy-4,00:00:57,
18,LAB2-Newton-front,00:00:58,
18,LAB2-happy-5,00:00:53,
18,LAB2-fear-4,00:00:58,
18,LAB2-Xiang Yu-Negative,00:01:00,
18,LAB2-neutral-2,00:00:58,
18,LAB2-Walter White-front,00:01:00,
18,LAB2-Han Wu Emperor-Negative,00:01:00,
18,LAB2-fear-5,00:01:00,
18,LAB2-Qin Shihuang-Negative,00:00:58,
18,LAB2-sad-1,00:00:58,
18,LAB2-Mike-Front,00:01:00,
18,LAB2-Cao Cao-front,00:00:58,
18,LAB2-happy-2,00:00:58,
18,LAB2-Newton-Negative,00:00:58,
18,LAB2-sad-3,00:01:00,
18,LAB2-Columbus-Negative,00:01:00,
18,LAB2-neutral-4,00:00:58,√
18,LAB2-Ekaterina-front,00:00:58,
18,LAB2-fear-1,00:01:00,
18,LAB2-Edison-Negative,00:00:57,
18,LAB2-sad-4,00:01:00,
18,LAB2-Columbus-front,00:00:58,
18,LAB2-neutral-1,00:00:58,
18,LAB2-fear-2,00:00:58,
18,LAB2-Mike-Negative,00:00:58,
18,LAB2-sad-2,00:01:00,
18,LAB2-Cao Cao-Negative,00:00:57,
18,LAB2-happy-3,00:00:57,
18,LAB2-fear-3,00:00:30,
18,LAB2-Ekaterina-Negative,00:00:57,
18,LAB2-Xiang Yu-front,00:00:57,
18,LAB2-neutral-5,00:00:58,√
18,LAB2-Edison-front,00:00:57,
18,LAB2-happy-1,00:01:00,
18,LAB2-sad-5,00:01:00,
18,LAB2-Walter White-negative,00:01:00,
18,LAB2-neutral-3,00:00:57,√
18,LAB2-Qin Shihuang-front,00:01:00,
18,LAB2-Emperor Wu of the Han Dynasty-front,00:01:00,
17,END-experiment end video,00:00:05,
17,LAB2-happy-3,00:00:58,√
17,LAB2-fear-1,00:01:00,
17,LAB2-Newton-Negative,00:00:58,
17,LAB2-fear-3,00:00:59,
17,LAB2-Xiang Yu-front,00:00:58,
17,LAB2-neutral-4,00:00:58,
17,LAB2-sad-4,00:00:58,
17,LAB2-Columbus-front,00:01:00,
17,LAB2-Walter White-front,00:00:58,
17,LAB2-sad-1,00:01:00,
17,LAB2-fear-5,00:01:00,
17,LAB2-Ekaterina-front,00:00:59,
17,LAB2-Mike-Front,00:00:58,
17,LAB2-happy-5,00:00:54,
17,LAB2-Qin Shihuang-front,00:00:53,
17,LAB2-happy-2,00:01:00,√
17,LAB2-Edison-Negative,00:00:58,
17,LAB2-sad-2,00:01:00,
17,LAB2-Mike-Negative,00:00:59,√
17,LAB2-neutral-2,00:00:58,
17,LAB2-Emperor Wu of the Han Dynasty-front,00:01:00,
17,LAB2-fear-4,00:01:00,
17,LAB2-Cao Cao-Negative,00:00:58,
17,LAB2-neutral-1,00:00:59,
17,LAB2-sad-5,00:01:00,
17,LAB2-Ekaterina-Negative,00:00:58,
17,LAB2-neutral-5,00:00:58,
17,LAB2-Qin Shihuang-Negative,00:01:00,
17,LAB2-happy-4,00:00:58,√
17,LAB2-Cao Cao-front,00:01:00,
17,LAB2-Columbus-Negative,00:01:00,
17,LAB2-Xiang Yu-Negative,00:01:00,
17,LAB2-happy-1,00:01:00,
17,LAB2-Walter White-negative,00:00:58,
17,LAB2-Newton-front,00:00:58,
17,LAB2-fear-2,00:01:00,
17,LAB2-sad-3,00:00:58,
17,LAB2-Edison-front,00:00:58,
17,LAB2-neutral-3,00:01:00,
17,LAB2-Han Wu Emperor-Negative,00:00:50,
14,END-experiment end video,00:00:05,
14,LAB2-neutral-2,00:00:48,√
14,LAB2-Xiang Yu-front,00:00:30,
14,LAB2-happy-4,00:00:30,
14,LAB2-Qin Shihuang-front,00:00:30,
14,LAB2-fear-5,00:00:30,
14,LAB2-Edison-Negative,00:00:30,
14,LAB2-happy-2,00:00:30,
14,LAB2-fear-2,00:00:31,
14,LAB2-Columbus-Negative,00:00:31,
14,LAB2-neutral-3,00:00:58,√
14,LAB2-Han Wu Emperor-Negative,00:00:30,
14,LAB2-sad-3,00:00:30,
14,LAB2-Mike-Front,00:00:30,
14,LAB2-Cao Cao-Negative,00:00:30,
14,LAB2-sad-1,00:00:30,
14,LAB2-sad-5,00:00:30,
14,LAB2-Walter White-front,00:00:30,
14,LAB2-fear-4,00:00:30,
14,LAB2-Newton-Negative,00:00:30,
14,LAB2-neutral-5,00:00:33,√
14,LAB2-Ekaterina-Negative,00:00:30,
14,LAB2-happy-5,00:00:28,
14,LAB2-Mike-Negative,00:00:30,
14,LAB2-Xiang Yu-Negative,00:00:31,
14,LAB2-fear-3,00:00:30,
14,LAB2-Cao Cao-front,00:00:30,
14,LAB2-sad-2,00:00:30,
14,LAB2-Ekaterina-front,00:00:30,
14,LAB2-happy-1,00:00:30,
14,LAB2-Qin Shihuang-Negative,00:00:30,
14,LAB2-neutral-1,00:00:53,√
14,LAB2-sad-4,00:00:30,
14,LAB2-Emperor Wu of the Han Dynasty-front,00:00:31,
14,LAB2-Newton-front,00:00:30,
14,LAB2-happy-3,00:00:30,
14,LAB2-Edison-front,00:00:30,
14,LAB2-Walter White-negative,00:00:30,
14,LAB2-fear-1,00:00:31,
14,LAB2-neutral-4,00:00:30,√
14,LAB2-Columbus-front,00:00:30,
15,END-experiment end video,00:00:05,
15,LAB2-happy-3,00:00:58,
15,LAB2-Xiang Yu-front,00:00:38,
15,LAB2-Newton-front,00:00:38,
15,LAB2-fear-5,00:00:33,
15,LAB2-neutral-4,00:00:57,
15,LAB2-Ekaterina-front,00:00:58,
15,LAB2-sad-4,00:00:53,
15,LAB2-Walter White-front,00:01:00,
15,LAB2-fear-2,00:00:47,
15,LAB2-Qin Shihuang-front,00:01:00,
15,LAB2-happy-1,00:00:59,
15,LAB2-Cao Cao-front,00:00:58,
15,LAB2-sad-2,00:00:58,
15,LAB2-Mike-Front,00:00:48,
15,LAB2-neutral-2,00:01:00,
15,LAB2-Columbus-Negative,00:01:00,
15,LAB2-happy-5,00:00:52,
15,LAB2-Han Wu Emperor-Negative,00:00:52,
15,LAB2-fear-1,00:00:32,
15,LAB2-Xiang Yu-Negative,00:00:55,
15,LAB2-neutral-5,00:01:00,
15,LAB2-Edison-Negative,00:00:57,
15,LAB2-happy-2,00:00:58,
15,LAB2-Walter White-negative,00:00:47,
15,LAB2-Cao Cao-Negative,00:00:57,
15,LAB2-fear-4,00:00:32,
15,LAB2-Qin Shihuang-Negative,00:00:58,
15,LAB2-neutral-3,00:01:00,
15,LAB2-Mike-Negative,00:00:42,
15,LAB2-sad-5,00:00:58,
15,LAB2-Edison-front,00:00:59,
15,LAB2-sad-1,00:00:53,
15,LAB2-Emperor Wu of the Han Dynasty-front,00:00:58,
15,LAB2-happy-4,00:00:35,
15,LAB2-fear-3,00:00:30,
15,LAB2-Columbus-front,00:00:38,
15,LAB2-Ekaterina-Negative,00:00:36,
15,LAB2-neutral-1,00:00:42,
15,LAB2-sad-3,00:00:33,
15,LAB2-Newton-Negative,00:00:57,
20,END-experiment end video,00:00:05,
20,LAB1-Xiang Yu-negative,00:00:41,
20,LAB1-sad-1,00:00:57,√
20,LAB1-happy-4,00:00:32,
20,LAB1-Edison-Negative,00:00:57,
20,LAB1-fear-5,00:01:00,√
20,LAB1-Ekaterina-Negative,00:00:57,√
20,LAB1-neutral-3,00:01:00,√
20,LAB1-fear-1,00:00:37,
20,LAB1-Walter White-negative,00:00:30,
20,LAB1-happy-2,00:01:00,√
20,LAB1-fear-4,00:01:00,√
20,LAB1-Newton-front,00:00:36,
20,LAB1-Qin Shihuang-front,00:00:43,
20,LAB1-neutral-5,00:00:42,√
20,LAB1-Emperor Wu of the Han Dynasty-negative,00:01:00,
20,LAB1-Mike-Negative,00:00:37,
20,LAB1-sad-3,00:00:57,
20,LAB1-happy-3,00:00:31,
20,LAB1-Emperor Wu of the Han Dynasty-front,00:00:47,√
20,LAB1-neutral-1,00:01:00,√
20,LAB1-happy-1,00:00:47,
20,LAB1-fear-2,00:01:00,√
20,LAB1-Qin Shihuang-negative,00:00:32,
20,LAB1-sad-2,00:01:00,√
20,LAB1-Cao Cao-Negative,00:00:56,
20,LAB1-Mike-front,00:00:42,
20,LAB1-sad-5,00:00:41,√
20,LAB1-Columbus-Negative,00:00:41,
20,LAB1-Walter White-front,00:01:00,
20,LAB1-neutral-2,00:01:00,√
20,LAB1-happy-5,00:00:31,
20,LAB1-Edison-front,00:00:30,
20,LAB1-Columbus-front,00:00:59,
20,LAB1-Xiang Yu-front,00:00:31,
20,LAB1-fear-3,00:00:56,√
20,LAB1-Ekaterina-front,00:01:00,√
20,LAB1-sad-4,00:00:51,
20,LAB1-Newton-Negative,00:00:36,
20,LAB1-neutral-4,00:01:00,√
20,LAB1-Cao Cao-front,00:00:58,√
19,END-experiment end video,00:00:00,
19,LAB1-happy-1,00:00:53,
19,LAB1-fear-3,00:00:58,
19,LAB1-Mike-front,00:00:29,
19,LAB1-neutral-5,00:00:38,√
19,LAB1-Newton-Negative,00:00:43,
19,LAB1-happy-2,00:00:48,√
19,LAB1-fear-1,00:00:38,
19,LAB1-Ekaterina-Negative,00:00:48,
19,LAB1-Columbus-front,00:00:58,
19,LAB1-sad-2,00:00:43,√
19,LAB1-Newton-front,00:00:58,
19,LAB1-Xiang Yu-negative,00:00:43,
19,LAB1-happy-4,00:00:47,
19,LAB1-Emperor Wu of the Han Dynasty-negative,00:00:47,
19,LAB1-fear-5,00:00:58,
19,LAB1-neutral-2,00:00:43,√
19,LAB1-sad-3,00:00:53,
19,LAB1-Qin Shihuang-negative,00:00:48,√
19,LAB1-neutral-4,00:00:58,√
19,LAB1-Cao Cao-front,00:00:43,
19,LAB1-Walter White-front,00:00:58,
19,LAB1-happy-5,00:00:58,
19,LAB1-Edison-front,00:00:29,
19,LAB1-fear-2,00:00:58,
19,LAB1-Xiang Yu-front,00:00:49,
19,LAB1-Columbus-Negative,00:00:58,
19,LAB1-sad-4,00:00:43,
19,LAB1-Emperor Wu of the Han Dynasty-front,00:00:38,
19,LAB1-happy-3,00:00:57,
19,LAB1-Cao Cao-Negative,00:00:38,
19,LAB1-neutral-1,00:00:43,
19,LAB1-Mike-Negative,00:00:31,
19,LAB1-fear-4,00:00:31,
19,LAB1-Edison-Negative,00:00:43,
19,LAB1-sad-5,00:00:57,√
19,LAB1-Ekaterina-front,00:00:32,
19,LAB1-neutral-3,00:00:36,
19,LAB1-Qin Shihuang-front,00:00:41,
19,LAB1-sad-1,00:00:50,
19,LAB1-Walter White-negative,00:00:34,
18,END-experiment end video,00:00:00,
18,LAB1-Xiang Yu-negative,00:00:38,
18,LAB1-sad-2,00:01:00,
18,LAB1-Newton-front,00:01:00,
18,LAB1-Walter White-front,00:01:00,
18,LAB1-fear-4,00:00:31,
18,LAB1-happy-2,00:01:00,
18,LAB1-Qin Shihuang-negative,00:01:00,
18,LAB1-fear-1,00:00:33,
18,LAB1-Columbus-Negative,00:00:57,
18,LAB1-happy-4,00:00:48,
18,LAB1-Emperor Wu of the Han Dynasty-negative,00:00:58,
18,LAB1-neutral-4,00:01:00,
18,LAB1-Cao Cao-front,00:00:58,
18,LAB1-neutral-2,00:01:00,√
18,LAB1-Edison-Negative,00:00:53,
18,LAB1-Mike-Negative,00:01:00,
18,LAB1-happy-5,00:00:42,
18,LAB1-Xiang Yu-front,00:00:47,
18,LAB1-fear-5,00:00:31,
18,LAB1-Columbus-front,00:00:57,
18,LAB1-happy-1,00:00:58,
18,LAB1-Ekaterina-front,00:01:00,
18,LAB1-sad-4,00:00:37,
18,LAB1-Newton-Negative,00:00:58,
18,LAB1-neutral-5,00:01:00,√
18,LAB1-Walter White-negative,00:00:56,
18,LAB1-fear-2,00:00:57,
18,LAB1-Emperor Wu of the Han Dynasty-front,00:00:47,
18,LAB1-neutral-3,00:00:57,
18,LAB1-Cao Cao-Negative,00:00:56,
18,LAB1-sad-5,00:00:31,
18,LAB1-Qin Shihuang-front,00:00:53,
18,LAB1-neutral-1,00:01:00,√
18,LAB1-Edison-front,00:00:58,
18,LAB1-Ekaterina-Negative,00:00:59,
18,LAB1-sad-3,00:00:59,
18,LAB1-fear-3,00:00:42,
18,LAB1-happy-3,00:01:00,
18,LAB1-Mike-front,00:00:55,
18,LAB1-sad-1,00:00:56,
17,END-experiment end video,00:00:05,
17,LAB1-fear-5,00:00:52,
17,LAB1-Edison-Negative,00:01:00,
17,LAB1-Ekaterina-Negative,00:00:00,
17,LAB1-Columbus-front,00:00:58,
17,LAB1-sad-2,00:00:43,
17,LAB1-fear-3,00:00:53,
17,LAB1-Qin Shihuang-front,00:00:57,√
17,LAB1-Walter White-negative,00:00:54,
17,LAB1-neutral-4,00:00:47,
17,LAB1-happy-2,00:00:48,√
17,LAB1-fear-2,00:01:00,
17,LAB1-Cao Cao-Negative,00:00:53,
17,LAB1-Xiang Yu-front,00:00:48,
17,LAB1-Mike-Negative,00:00:50,√
17,LAB1-happy-4,00:00:11,
17,LAB1-sad-1,00:01:00,
17,LAB1-neutral-3,00:00:58,√
17,LAB1-happy-1,00:00:58,
17,LAB1-Newton-front,00:00:48,
17,LAB1-Emperor Wu of the Han Dynasty-front,00:00:58,
17,LAB1-neutral-1,00:00:58,√
17,LAB1-Walter White-front,00:00:58,
17,LAB1-fear-4,00:00:58,
17,LAB1-sad-4,00:00:52,
17,LAB1-Edison-front,00:00:47,
17,LAB1-Cao Cao-front,00:00:58,
17,LAB1-neutral-5,00:00:58,
17,LAB1-Newton-Negative,00:00:58,√
17,LAB1-Emperor Wu of the Han Dynasty-negative,00:00:58,
17,LAB1-happy-5,00:00:58,
17,LAB1-Xiang Yu-negative,00:00:59,
17,LAB1-sad-5,00:00:58,√
17,LAB1-Mike-front,00:00:53,
17,LAB1-Ekaterina-front,00:00:58,√
17,LAB1-sad-3,00:00:58,
17,LAB1-happy-3,00:01:00,
17,LAB1-Qin Shihuang-negative,00:00:52,
17,LAB1-fear-1,00:00:57,
17,LAB1-neutral-2,00:00:56,
17,LAB1-Columbus-Negative,00:00:59,
16,END-experiment end video,00:00:05,
16,LAB1-happy-2,00:00:33,
16,LAB1-Qin Shihuang-front,00:00:29,
16,LAB1-neutral-2,00:00:38,√
16,LAB1-Cao Cao-Negative,00:00:30,
16,LAB1-Emperor Wu of the Han Dynasty-front,00:00:30,
16,LAB1-fear-2,00:00:31,
16,LAB1-Walter White-negative,00:00:30,
16,LAB1-sad-1,00:00:30,
16,LAB1-Mike-Negative,00:00:53,
16,LAB1-happy-3,00:01:00,
16,LAB1-Xiang Yu-front,00:00:30,
16,LAB1-neutral-4,00:00:58,√
16,LAB1-Edison-Negative,00:00:58,
16,LAB1-fear-4,00:00:31,
16,LAB1-Ekaterina-Negative,00:00:58,
16,LAB1-sad-3,00:00:58,
16,LAB1-Xiang Yu-negative,00:00:30,
16,LAB1-neutral-5,00:00:38,√
16,LAB1-Newton-front,00:00:33,
16,LAB1-happy-4,00:00:33,
16,LAB1-fear-5,00:00:33,
16,LAB1-sad-5,00:00:58,
16,LAB1-Ekaterina-front,00:00:53,
16,LAB1-Columbus-front,00:00:30,
16,LAB1-neutral-3,00:00:58,√
16,LAB1-Mike-front,00:00:33,
16,LAB1-happy-5,00:00:30,
16,LAB1-Qin Shihuang-negative,00:00:30,
16,LAB1-fear-3,00:00:33,
16,LAB1-sad-4,00:00:58,
16,LAB1-Columbus-Negative,00:00:58,√
16,LAB1-Emperor Wu of the Han Dynasty-negative,00:00:32,
16,LAB1-happy-1,00:00:58,√
16,LAB1-Edison-front,00:00:29,
16,LAB1-fear-1,00:00:33,
16,LAB1-Newton-Negative,00:00:58,
16,LAB1-sad-2,00:00:30,
16,LAB1-Cao Cao-front,00:00:32,
16,LAB1-neutral-1,00:00:48,√
16,LAB1-Walter White-front,00:01:00,√
15,END-experiment end video,00:00:05,
15,LAB1-neutral-5,00:00:37,
15,LAB1-Newton-front,00:00:32,
15,LAB1-Qin Shihuang-negative,00:00:48,
15,LAB1-fear-1,00:00:31,
15,LAB1-sad-2,00:00:43,
15,LAB1-Columbus-front,00:00:56,
15,LAB1-neutral-2,00:00:30,
15,LAB1-Walter White-negative,00:00:38,
15,LAB1-Emperor Wu of the Han Dynasty-front,00:00:58,
15,LAB1-happy-4,00:00:42,
15,LAB1-fear-3,00:00:31,
15,LAB1-Edison-Negative,00:00:58,
15,LAB1-sad-4,00:00:42,
15,LAB1-Ekaterina-front,00:00:58,
15,LAB1-happy-2,00:00:58,
15,LAB1-Mike-front,00:00:58,
15,LAB1-fear-4,00:00:31,
15,LAB1-neutral-3,00:00:58,
15,LAB1-Newton-Negative,00:00:58,
15,LAB1-Cao Cao-front,00:00:57,
15,LAB1-sad-3,00:00:47,
15,LAB1-happy-5,00:00:52,
15,LAB1-Xiang Yu-front,00:00:52,
15,LAB1-Ekaterina-Negative,00:00:57,
15,LAB1-fear-5,00:00:31,
15,LAB1-Xiang Yu-negative,00:00:58,
15,LAB1-Columbus-Negative,00:00:58,
15,LAB1-Qin Shihuang-front,00:00:53,
15,LAB1-happy-3,00:00:32,
15,LAB1-neutral-4,00:00:57,
15,LAB1-sad-5,00:00:57,
15,LAB1-Edison-front,00:00:42,
15,LAB1-Walter White-front,00:00:57,
15,LAB1-happy-1,00:00:57,
15,LAB1-fear-2,00:00:31,
15,LAB1-Emperor Wu of the Han Dynasty-negative,00:01:00,
15,LAB1-sad-1,00:00:41,
15,LAB1-Mike-Negative,00:00:57,
15,LAB1-neutral-1,00:01:00,
15,LAB1-Cao Cao-Negative,00:00:51,
14,END-experiment end video,00:00:05,
14,LAB1-happy-3,00:00:58,
14,LAB1-Qin Shihuang-negative,00:00:58,√
14,LAB1-fear-2,00:00:57,
14,LAB1-sad-2,00:00:58,
14,LAB1-Emperor Wu of the Han Dynasty-negative,00:00:31,
14,LAB1-Walter White-front,00:00:54,
14,LAB1-happy-4,00:00:48,
14,LAB1-fear-5,00:00:58,
14,LAB1-Ekaterina-Negative,00:00:49,
14,LAB1-neutral-4,00:00:58,√
14,LAB1-Cao Cao-front,00:00:33,
14,LAB1-fear-3,00:00:38,
14,LAB1-Xiang Yu-front,00:00:33,√
14,LAB1-neutral-2,00:00:59,√
14,LAB1-Newton-Negative,00:00:58,√
14,LAB1-Mike-front,00:00:29,
14,LAB1-happy-1,00:00:30,
14,LAB1-sad-4,00:00:48,√
14,LAB1-Edison-Negative,00:00:53,√
14,LAB1-sad-5,00:00:58,√
14,LAB1-Newton-front,00:00:58,√
14,LAB1-Columbus-front,00:00:58,√
14,LAB1-neutral-1,00:00:58,√
14,LAB1-Xiang Yu-negative,00:00:58,
14,LAB1-Walter White-negative,00:00:58,
14,LAB1-sad-1,00:00:48,
14,LAB1-Columbus-Negative,00:00:33,
14,LAB1-neutral-5,00:00:58,√
14,LAB1-Ekaterina-front,00:00:58,√
14,LAB1-happy-5,00:00:43,
14,LAB1-fear-4,00:00:43,
14,LAB1-Edison-front,00:00:57,
14,LAB1-Qin Shihuang-front,00:00:43,
14,LAB1-happy-2,00:00:58,
14,LAB1-Emperor Wu of the Han Dynasty-front,00:00:57,
14,LAB1-sad-3,00:00:37,
14,LAB1-neutral-3,00:00:58,√
14,LAB1-Mike-Negative,00:00:58,
14,LAB1-fear-1,00:00:49,
14,LAB1-Cao Cao-Negative,00:00:57,
13,END-experiment end video,00:00:00,
13,LAB2-happy-5,00:00:52,
13,LAB2-Walter White-negative,00:00:58,
13,LAB2-fear-4,00:00:53,
13,LAB2-fear-2,00:01:00,
13,LAB2-Newton-front,00:01:00,
13,LAB2-sad-2,00:01:00,
13,LAB2-happy-2,00:01:00,
13,LAB2-Edison-Negative,00:00:59,
13,LAB2-fear-1,00:01:00,
13,LAB2-Xiang Yu-Negative,00:01:00,
13,LAB2-neutral-5,00:00:58,
13,LAB2-Ekaterina-front,00:01:00,
13,LAB2-Emperor Wu of the Han Dynasty-front,00:01:00,
13,LAB2-fear-5,00:01:00,
13,LAB2-Qin Shihuang-Negative,00:01:00,
13,LAB2-neutral-3,00:01:00,√
13,LAB2-Mike-Front,00:01:00,
13,LAB2-neutral-2,00:01:00,√
13,LAB2-Cao Cao-Negative,00:00:58,
13,LAB2-Newton-Negative,00:01:00,
13,LAB2-sad-4,00:01:00,
13,LAB2-Ekaterina-Negative,00:01:00,
13,LAB2-fear-3,00:01:00,
13,LAB2-Xiang Yu-front,00:00:58,
13,LAB2-happy-3,00:00:58,
13,LAB2-Columbus-front,00:01:00,
13,LAB2-neutral-1,00:01:00,
13,LAB2-sad-3,00:01:00,
13,LAB2-Cao Cao-front,00:01:00,
13,LAB2-Han Wu Emperor-Negative,00:01:00,
13,LAB2-sad-1,00:01:00,
13,LAB2-Mike-Negative,00:00:58,
13,LAB2-happy-4,00:00:58,
13,LAB2-Walter White-front,00:01:00,
13,LAB2-Edison-front,00:00:58,
13,LAB2-happy-1,00:01:00,
13,LAB2-sad-5,00:01:00,
13,LAB2-Columbus-Negative,00:01:00,
13,LAB2-Qin Shihuang-front,00:01:00,
13,LAB2-neutral-4,00:01:00,√
12,END-experiment end video,00:00:00,
12,LAB2-neutral-2,00:00:59,
12,LAB2-Ekaterina-Negative,00:00:59,
12,LAB2-happy-3,00:00:48,
12,LAB2-fear-2,00:00:31,
12,LAB2-Mike-Front,00:00:58,
12,LAB2-neutral-5,00:00:58,√
12,LAB2-Han Wu Emperor-Negative,00:00:33,
12,LAB2-sad-3,00:00:58,
12,LAB2-Xiang Yu-front,00:00:48,
12,LAB2-Newton-Negative,00:00:38,
12,LAB2-fear-5,00:00:30,
12,LAB2-Edison-Negative,00:00:57,
12,LAB2-Walter White-negative,00:00:30,
12,LAB2-fear-4,00:00:48,
12,LAB2-Columbus-front,00:00:33,
12,LAB2-fear-1,00:00:31,
12,LAB2-Newton-front,00:00:49,
12,LAB2-happy-5,00:00:53,
12,LAB2-Qin Shihuang-front,00:00:58,
12,LAB2-sad-4,00:01:00,√
12,LAB2-Cao Cao-front,00:00:58,
12,LAB2-sad-2,00:00:59,
12,LAB2-happy-2,00:00:48,
12,LAB2-Xiang Yu-Negative,00:00:31,
12,LAB2-Walter White-front,00:00:53,
12,LAB2-Columbus-Negative,00:00:59,
12,LAB2-neutral-4,00:00:58,√
12,LAB2-sad-1,00:00:58,
12,LAB2-happy-4,00:00:58,
12,LAB2-Edison-front,00:00:58,√
12,LAB2-Ekaterina-front,00:00:58,
12,LAB2-neutral-1,00:01:00,√
12,LAB2-Qin Shihuang-Negative,00:00:58,
12,LAB2-Mike-Negative,00:00:58,
12,LAB2-fear-3,00:00:58,
12,LAB2-Emperor Wu of the Han Dynasty-front,00:00:58,
12,LAB2-happy-1,00:01:00,√
12,LAB2-sad-5,00:00:32,
12,LAB2-Cao Cao-Negative,00:00:53,
12,LAB2-neutral-3,00:00:56,√
8,END-experiment end video,00:00:04,
8,LAB2-Qin Shihuang-Negative,00:00:54,
8,LAB2-fear-3,00:00:58,
8,LAB2-sad-2,00:01:00,
8,LAB2-sad-5,00:00:59,
8,LAB2-Xiang Yu-Negative,00:00:58,
8,LAB2-Newton-front,00:00:54,√
8,LAB2-happy-3,00:00:59,√
8,LAB2-Cao Cao-front,00:00:58,√
8,LAB2-sad-3,00:01:00,
8,LAB2-neutral-5,00:00:58,√
8,LAB2-Han Wu Emperor-Negative,00:00:58,
8,LAB2-Mike-Front,00:01:00,√
8,LAB2-neutral-4,00:00:53,
8,LAB2-happy-2,00:00:58,√
8,LAB2-Columbus-Negative,00:00:58,
8,LAB2-Ekaterina-Negative,00:00:58,√
8,LAB2-neutral-2,00:00:58,√
8,LAB2-fear-1,00:00:53,
8,LAB2-Edison-front,00:00:53,
8,LAB2-neutral-3,00:00:58,√
8,LAB2-Columbus-front,00:00:53,√
8,LAB2-Newton-Negative,00:00:43,
8,LAB2-happy-5,00:00:55,
8,LAB2-Emperor Wu of the Han Dynasty-front,00:00:57,√
8,LAB2-fear-4,00:00:58,
8,LAB2-Cao Cao-Negative,00:00:58,
8,LAB2-sad-4,00:00:58,√
8,LAB2-Edison-Negative,00:00:46,
8,LAB2-happy-4,00:00:58,√
8,LAB2-Walter White-front,00:01:00,√
8,LAB2-fear-5,00:00:58,
8,LAB2-Xiang Yu-front,00:00:58,√
8,LAB2-Mike-Negative,00:00:58,√
8,LAB2-happy-1,00:00:58,√
8,LAB2-Walter White-negative,00:00:58,√
8,LAB2-fear-2,00:01:00,
8,LAB2-sad-1,00:00:58,
8,LAB2-Qin Shihuang-front,00:00:58,
8,LAB2-neutral-1,00:00:58,
8,LAB2-Ekaterina-front,00:00:57,√
4,END-experiment end video,00:00:05,
4,LAB2-sad-2,00:00:33,
4,LAB2-neutral-4,00:00:34,√
4,LAB2-Xiang Yu-Negative,00:00:31,
4,LAB2-Walter White-front,00:00:38,
4,LAB2-fear-5,00:00:59,
4,LAB2-happy-2,00:00:49,
4,LAB2-Qin Shihuang-Negative,00:00:30,
4,LAB2-sad-5,00:00:59,
4,LAB2-Ekaterina-front,00:00:59,
4,LAB2-sad-3,00:00:30,
4,LAB2-Qin Shihuang-front,00:00:30,
4,LAB2-neutral-2,00:00:39,
4,LAB2-Edison-Negative,00:00:38,
4,LAB2-happy-5,00:00:51,
4,LAB2-Mike-Negative,00:00:59,
4,LAB2-fear-3,00:00:44,
4,LAB2-Emperor Wu of the Han Dynasty-front,00:00:31,
4,LAB2-neutral-5,00:00:38,
4,LAB2-Walter White-negative,00:00:30,
4,LAB2-happy-3,00:00:59,
4,LAB2-Cao Cao-Negative,00:00:43,
4,LAB2-neutral-1,00:00:58,
4,LAB2-Newton-front,00:00:30,
4,LAB2-fear-1,00:00:59,
4,LAB2-Cao Cao-front,00:00:30,
4,LAB2-fear-4,00:00:59,
4,LAB2-Xiang Yu-front,00:00:59,
4,LAB2-Columbus-Negative,00:00:44,
4,LAB2-sad-4,00:00:57,
4,LAB2-Han Wu Emperor-Negative,00:00:57,
4,LAB2-happy-4,00:00:57,
4,LAB2-happy-1,00:00:57,
4,LAB2-Ekaterina-Negative,00:00:57,
4,LAB2-Columbus-front,00:00:52,
4,LAB2-fear-2,00:00:31,
4,LAB2-Newton-Negative,00:00:30,
4,LAB2-sad-1,00:01:00,
4,LAB2-Edison-front,00:00:57,
4,LAB2-neutral-3,00:00:57,
4,LAB2-Mike-Front,00:00:59,
7,END-experiment end video,00:00:05,
7,LAB2-fear-1,00:00:43,
7,LAB2-Columbus-Negative,00:00:31,
7,LAB2-happy-4,00:00:58,
7,LAB2-fear-4,00:00:58,
7,LAB2-Mike-Front,00:00:48,
7,LAB2-Han Wu Emperor-Negative,00:00:38,
7,LAB2-Xiang Yu-Negative,00:00:31,
7,LAB2-Cao Cao-front,00:00:30,
7,LAB2-happy-5,00:00:28,
7,LAB2-happy-1,00:00:39,
7,LAB2-sad-3,00:00:30,
7,LAB2-Walter White-front,00:00:33,
7,LAB2-Qin Shihuang-front,00:00:30,
7,LAB2-neutral-2,00:00:59,
7,LAB2-Columbus-front,00:00:33,
7,LAB2-fear-3,00:00:58,
7,LAB2-Ekaterina-front,00:00:58,
7,LAB2-sad-2,00:00:33,
7,LAB2-Newton-front,00:00:30,
7,LAB2-happy-2,00:00:30,
7,LAB2-neutral-4,00:00:58,√
7,LAB2-Edison-Negative,00:00:38,
7,LAB2-sad-5,00:00:58,
7,LAB2-Xiang Yu-front,00:00:33,
7,LAB2-sad-1,00:00:33,
7,LAB2-Newton-Negative,00:00:58,
7,LAB2-Mike-Negative,00:00:58,
7,LAB2-fear-2,00:00:58,
7,LAB2-Cao Cao-Negative,00:00:58,
7,LAB2-fear-5,00:01:00,
7,LAB2-Ekaterina-Negative,00:00:43,
7,LAB2-neutral-3,00:00:48,√
7,LAB2-Edison-front,00:00:48,
7,LAB2-neutral-1,00:00:58,
7,LAB2-happy-3,00:00:43,
7,LAB2-sad-4,00:00:48,
7,LAB2-Qin Shihuang-Negative,00:00:33,
7,LAB2-Walter White-negative,00:00:33,
7,LAB2-Emperor Wu of the Han Dynasty-front,00:00:32,
7,LAB2-neutral-5,00:01:00,√
3,END-experiment end video,00:00:00,
3,LAB2-happy-5,00:00:53,
3,LAB2-neutral-2,00:00:59,
3,LAB2-Walter White-front,00:00:58,
3,LAB2-Xiang Yu-front,00:00:58,
3,LAB2-sad-5,00:01:00,
3,LAB2-Columbus-front,00:00:56,√
3,LAB2-neutral-5,00:00:58,√
3,LAB2-Xiang Yu-Negative,00:00:57,
3,LAB2-Qin Shihuang-front,00:00:58,
3,LAB2-fear-5,00:00:30,
3,LAB2-Mike-Negative,00:00:57,√
3,LAB2-fear-3,00:00:30,
3,LAB2-Edison-Negative,00:00:58,
3,LAB2-happy-1,00:00:57,
3,LAB2-Ekaterina-front,00:00:58,
3,LAB2-fear-1,00:00:31,
3,LAB2-Walter White-negative,00:00:57,√
3,LAB2-happy-3,00:00:57,
3,LAB2-Newton-front,00:00:57,√
3,LAB2-sad-2,00:01:00,
3,LAB2-Columbus-Negative,00:01:00,
3,LAB2-sad-1,00:01:00,
3,LAB2-Qin Shihuang-Negative,00:01:00,
3,LAB2-neutral-3,00:00:58,√
3,LAB2-Ekaterina-Negative,00:00:58,√
3,LAB2-neutral-4,00:00:59,√
3,LAB2-Cao Cao-front,00:00:58,
3,LAB2-happy-4,00:00:58,
3,LAB2-fear-2,00:00:31,
3,LAB2-Emperor Wu of the Han Dynasty-front,00:00:53,
3,LAB2-sad-4,00:00:47,
3,LAB2-Mike-Front,00:00:58,√
3,LAB2-neutral-1,00:00:55,√
3,LAB2-Edison-front,00:00:58,
3,LAB2-happy-2,00:00:57,√
3,LAB2-Han Wu Emperor-Negative,00:00:58,
3,LAB2-fear-4,00:00:30,
3,LAB2-Newton-Negative,00:00:59,√
3,LAB2-sad-3,00:00:52,
3,LAB2-Cao Cao-Negative,00:00:56,
6,END-experiment end video,00:00:05,
6,LAB2-sad-1,00:00:30,
6,LAB2-Han Wu Emperor-Negative,00:00:30,
6,LAB2-Mike-Negative,00:00:30,
6,LAB2-happy-3,00:00:58,
6,LAB2-neutral-2,00:00:30,
6,LAB2-Xiang Yu-Negative,00:00:31,
6,LAB2-fear-2,00:00:31,
6,LAB2-Columbus-Negative,00:00:31,
6,LAB2-sad-3,00:00:30,
6,LAB2-Qin Shihuang-front,00:00:30,
6,LAB2-neutral-4,00:00:30,
6,LAB2-Ekaterina-Negative,00:00:48,
6,LAB2-happy-1,00:00:30,
6,LAB2-Walter White-negative,00:00:30,
6,LAB2-sad-5,00:00:58,
6,LAB2-Cao Cao-Negative,00:00:43,
6,LAB2-neutral-5,00:00:30,
6,LAB2-Cao Cao-front,00:00:30,
6,LAB2-happy-5,00:00:53,
6,LAB2-Qin Shihuang-Negative,00:00:30,
6,LAB2-fear-3,00:00:33,
6,LAB2-Newton-front,00:00:30,
6,LAB2-neutral-1,00:00:30,
6,LAB2-fear-5,00:00:30,
6,LAB2-Xiang Yu-front,00:00:30,
6,LAB2-fear-1,00:00:31,
6,LAB2-Edison-Negative,00:00:53,
6,LAB2-happy-2,00:00:30,
6,LAB2-Walter White-front,00:00:30,
6,LAB2-fear-4,00:00:30,
6,LAB2-Mike-Front,00:00:30,
6,LAB2-sad-4,00:00:58,
6,LAB2-Emperor Wu of the Han Dynasty-front,00:00:31,
6,LAB2-happy-4,00:00:53,
6,LAB2-Edison-front,00:00:33,
6,LAB2-Newton-Negative,00:00:30,
6,LAB2-sad-2,00:00:53,
6,LAB2-Columbus-front,00:00:30,
6,LAB2-Ekaterina-front,00:00:30,
6,LAB2-neutral-3,00:00:37,
11,END-experiment end video,00:00:00,
11,LAB2-Mike-Front,00:00:59,
11,LAB2-fear-5,00:00:58,
11,LAB2-sad-3,00:00:59,
11,LAB2-Xiang Yu-Negative,00:00:58,
11,LAB2-neutral-2,00:00:58,
11,LAB2-Columbus-Negative,00:01:00,
11,LAB2-happy-3,00:00:57,
11,LAB2-Qin Shihuang-front,00:01:00,
11,LAB2-Ekaterina-front,00:00:58,
11,LAB2-sad-1,00:00:57,
11,LAB2-happy-5,00:00:52,
11,LAB2-Newton-Negative,00:00:57,
11,LAB2-happy-1,00:00:57,
11,LAB2-fear-3,00:00:58,
11,LAB2-Walter White-front,00:00:58,
11,LAB2-Cao Cao-Negative,00:00:59,
11,LAB2-neutral-3,00:00:57,
11,LAB2-Xiang Yu-front,00:00:57,
11,LAB2-fear-2,00:01:00,
11,LAB2-Edison-Negative,00:00:59,
11,LAB2-sad-5,00:00:59,
11,LAB2-Han Wu Emperor-Negative,00:00:57,
11,LAB2-sad-2,00:01:00,
11,LAB2-Columbus-front,00:00:57,
11,LAB2-happy-2,00:00:57,
11,LAB2-Mike-Negative,00:00:57,
11,LAB2-neutral-4,00:00:57,
11,LAB2-Edison-front,00:00:58,
11,LAB2-neutral-1,00:01:00,
11,LAB2-Walter White-negative,00:01:00,
11,LAB2-fear-1,00:00:58,
11,LAB2-Ekaterina-Negative,00:00:58,
11,LAB2-happy-4,00:00:59,
11,LAB2-Emperor Wu of the Han Dynasty-front,00:00:58,
11,LAB2-fear-4,00:00:58,
11,LAB2-Cao Cao-front,00:00:58,
11,LAB2-sad-4,00:00:58,
11,LAB2-Qin Shihuang-Negative,00:00:58,
11,LAB2-neutral-5,00:00:58,
11,LAB2-Newton-front,00:01:00,
5,END-experiment end video,00:00:05,
5,LAB2-sad-5,00:00:58,√
5,LAB2-Edison-Negative,00:00:58,
5,LAB2-happy-3,00:00:58,√
5,LAB2-Qin Shihuang-Negative,00:00:58,
5,LAB2-Xiang Yu-Negative,00:00:58,
5,LAB2-fear-4,00:00:33,
5,LAB2-Ekaterina-Negative,00:00:58,
5,LAB2-neutral-2,00:00:58,
5,LAB2-sad-1,00:00:43,
5,LAB2-Mike-Negative,00:00:58,
5,LAB2-Columbus-Negative,00:00:43,
5,LAB2-happy-5,00:00:53,
5,LAB2-Newton-Negative,00:00:43,
5,LAB2-sad-4,00:00:48,
5,LAB2-Han Wu Emperor-Negative,00:00:48,
5,LAB2-fear-3,00:00:30,
5,LAB2-Columbus-front,00:00:30,
5,LAB2-neutral-5,00:00:42,√
5,LAB2-Xiang Yu-front,00:00:42,
5,LAB2-happy-1,00:00:57,
5,LAB2-Mike-Front,00:00:43,
5,LAB2-sad-2,00:00:59,√
5,LAB2-Walter White-front,00:01:00,√
5,LAB2-fear-2,00:00:58,
5,LAB2-Qin Shihuang-front,00:00:33,
5,LAB2-neutral-3,00:00:58,
5,LAB2-Cao Cao-front,00:00:58,
5,LAB2-happy-2,00:00:48,√
5,LAB2-Ekaterina-front,00:00:58,
5,LAB2-neutral-4,00:00:58,
5,LAB2-Cao Cao-Negative,00:00:48,
5,LAB2-neutral-1,00:01:00,√
5,LAB2-Newton-front,00:00:57,
5,LAB2-fear-1,00:00:53,
5,LAB2-Edison-front,00:00:58,√
5,LAB2-happy-4,00:00:57,√
5,LAB2-Walter White-negative,00:00:33,
5,LAB2-fear-5,00:00:58,
5,LAB2-Emperor Wu of the Han Dynasty-front,00:00:37,
5,LAB2-sad-3,00:00:59,√
2,END-experiment end video,00:00:05,
2,LAB2-fear-2,00:00:39,
2,LAB2-Newton-front,00:00:30,
2,LAB2-fear-5,00:00:59,
2,LAB2-Walter White-negative,00:00:30,
2,LAB2-neutral-5,00:00:38,√
2,LAB2-Xiang Yu-front,00:00:30,
2,LAB2-happy-3,00:00:39,√
2,LAB2-Columbus-front,00:00:30,
2,LAB2-sad-5,00:00:30,
2,LAB2-Ekaterina-front,00:00:33,
2,LAB2-neutral-3,00:00:34,√
2,LAB2-Qin Shihuang-front,00:00:30,
2,LAB2-fear-3,00:00:38,√
2,LAB2-Edison-Negative,00:00:30,
2,LAB2-sad-4,00:00:30,
2,LAB2-Emperor Wu of the Han Dynasty-front,00:00:31,
2,LAB2-happy-2,00:00:30,
2,LAB2-Xiang Yu-Negative,00:00:31,
2,LAB2-sad-2,00:00:30,
2,LAB2-Qin Shihuang-Negative,00:00:30,
2,LAB2-neutral-4,00:00:38,√
2,LAB2-Walter White-front,00:00:58,√
2,LAB2-happy-5,00:00:28,
2,LAB2-Mike-Negative,00:00:58,√
2,LAB2-sad-3,00:00:30,
2,LAB2-Cao Cao-Negative,00:00:30,
2,LAB2-neutral-1,00:00:58,√
2,LAB2-Han Wu Emperor-Negative,00:00:30,
2,LAB2-fear-4,00:00:53,√
2,LAB2-Mike-Front,00:00:33,√
2,LAB2-sad-1,00:00:30,
2,LAB2-Edison-front,00:00:30,
2,LAB2-Ekaterina-Negative,00:00:30,
2,LAB2-happy-4,00:00:33,
2,LAB2-Columbus-Negative,00:00:31,
2,LAB2-happy-1,00:00:33,
2,LAB2-Cao Cao-front,00:00:30,
2,LAB2-fear-1,00:01:00,
2,LAB2-Newton-Negative,00:00:30,
2,LAB2-neutral-2,00:01:00,√
10,END-experiment end video,00:00:00,
10,LAB2-fear-5,00:00:30,
10,LAB2-sad-3,00:00:33,
10,LAB2-Mike-Negative,00:00:58,
10,LAB2-neutral-5,00:01:00,√
10,LAB2-Xiang Yu-front,00:00:58,
10,LAB2-neutral-2,00:01:00,√
10,LAB2-Cao Cao-Negative,00:00:38,
10,LAB2-happy-2,00:01:00,
10,LAB2-Columbus-Negative,00:00:53,
10,LAB2-fear-1,00:00:31,
10,LAB2-Han Wu Emperor-Negative,00:00:43,
10,LAB2-sad-1,00:00:33,
10,LAB2-Walter White-front,00:00:58,
10,LAB2-happy-4,00:00:33,
10,LAB2-Ekaterina-front,00:01:00,
10,LAB2-fear-3,00:00:32,
10,LAB2-Qin Shihuang-front,00:00:58,
10,LAB2-sad-4,00:01:00,
10,LAB2-Newton-front,00:00:43,
10,LAB2-neutral-3,00:01:00,√
10,LAB2-Edison-Negative,00:00:53,
10,LAB2-happy-3,00:00:53,
10,LAB2-Emperor Wu of the Han Dynasty-front,00:00:58,
10,LAB2-fear-2,00:00:33,
10,LAB2-Newton-Negative,00:01:00,
10,LAB2-fear-4,00:00:30,
10,LAB2-Walter White-negative,00:00:38,
10,LAB2-sad-2,00:00:53,
10,LAB2-Mike-Front,00:01:00,
10,LAB2-Cao Cao-front,00:00:57,
10,LAB2-neutral-1,00:00:58,√
10,LAB2-Ekaterina-Negative,00:00:57,
10,LAB2-happy-5,00:00:52,
10,LAB2-Xiang Yu-Negative,00:00:57,
10,LAB2-happy-1,00:01:00,
10,LAB2-Edison-front,00:00:59,
10,LAB2-sad-5,00:01:00,
10,LAB2-Qin Shihuang-Negative,00:00:57,
10,LAB2-neutral-4,00:01:00,√
10,LAB2-Columbus-front,00:01:00,
13,END-experiment end video,00:00:00,
13,LAB1-Mike-front,00:00:57,
13,LAB1-Xiang Yu-negative,00:00:58,
13,LAB1-Newton-front,00:01:00,
13,LAB1-Walter White-front,00:01:00,
13,LAB1-fear-5,00:01:00,
13,LAB1-Xiang Yu-front,00:01:00,
13,LAB1-neutral-3,00:00:58,
13,LAB1-Ekaterina-front,00:01:00,
13,LAB1-happy-2,00:01:00,
13,LAB1-Emperor Wu of the Han Dynasty-front,00:01:00,
13,LAB1-fear-4,00:01:00,
13,LAB1-Qin Shihuang-negative,00:01:00,
13,LAB1-neutral-5,00:01:00,√
13,LAB1-Edison-Negative,00:01:00,
13,LAB1-fear-2,00:01:00,
13,LAB1-sad-1,00:01:00,
13,LAB1-Cao Cao-Negative,00:00:59,
13,LAB1-happy-5,00:01:00,
13,LAB1-Walter White-negative,00:01:00,
13,LAB1-fear-1,00:01:00,
13,LAB1-Columbus-Negative,00:00:59,
13,LAB1-neutral-1,00:00:58,
13,LAB1-happy-3,00:01:00,√
13,LAB1-Emperor Wu of the Han Dynasty-negative,00:01:00,
13,LAB1-sad-3,00:01:00,
13,LAB1-Newton-Negative,00:01:00,
13,LAB1-happy-1,00:01:00,
13,LAB1-Edison-front,00:00:56,
13,LAB1-sad-5,00:01:00,
13,LAB1-Ekaterina-Negative,00:00:59,
13,LAB1-neutral-4,00:01:00,√
13,LAB1-Columbus-front,00:00:59,
13,LAB1-sad-4,00:01:00,
13,LAB1-Qin Shihuang-front,00:00:57,√
13,LAB1-sad-2,00:01:00,
13,LAB1-happy-4,00:01:00,
13,LAB1-Cao Cao-front,00:01:00,
13,LAB1-fear-3,00:01:00,
13,LAB1-neutral-2,00:01:00,√
13,LAB1-Mike-Negative,00:01:00,
1,END-experiment end video,00:00:05,
1,LAB2-neutral-3,00:00:58,
1,LAB2-neutral-1,00:01:00,
1,LAB2-Columbus-front,00:00:30,
1,LAB2-fear-5,00:00:59,
1,LAB2-Mike-Negative,00:00:30,
1,LAB2-fear-3,00:00:58,
1,LAB2-Xiang Yu-front,00:00:38,
1,LAB2-sad-2,00:00:58,
1,LAB2-Emperor Wu of the Han Dynasty-front,00:00:38,
1,LAB2-fear-2,00:01:00,
1,LAB2-Ekaterina-front,00:00:58,
1,LAB2-neutral-5,00:00:58,
1,LAB2-Newton-Negative,00:00:30,
1,LAB2-happy-2,00:00:30,
1,LAB2-Walter White-negative,00:00:30,
1,LAB2-sad-3,00:00:32,
1,LAB2-Xiang Yu-Negative,00:00:58,
1,LAB2-Cao Cao-front,00:00:30,
1,LAB2-happy-5,00:00:53,
1,LAB2-Qin Shihuang-front,00:00:30,
1,LAB2-Edison-front,00:00:58,
1,LAB2-sad-4,00:00:58,
1,LAB2-Ekaterina-Negative,00:00:58,
1,LAB2-fear-4,00:00:57,
1,LAB2-Mike-Front,00:00:30,
1,LAB2-happy-3,00:00:30,
1,LAB2-Han Wu Emperor-Negative,00:00:33,
1,LAB2-neutral-4,00:00:58,
1,LAB2-Cao Cao-Negative,00:00:58,
1,LAB2-happy-4,00:00:57,
1,LAB2-Newton-front,00:00:37,
1,LAB2-sad-5,00:00:57,
1,LAB2-Edison-Negative,00:00:30,
1,LAB2-sad-1,00:00:58,
1,LAB2-Walter White-front,00:01:00,
1,LAB2-happy-1,00:01:00,
1,LAB2-Qin Shihuang-Negative,00:00:30,
1,LAB2-neutral-2,00:01:00,
1,LAB2-fear-1,00:01:00,
1,LAB2-Columbus-Negative,00:01:00,
9,END-experiment end video,00:00:05,
9,LAB2-sad-2,00:00:30,
9,LAB2-Xiang Yu-front,00:00:46,
9,LAB2-happy-2,00:00:56,
9,LAB2-Walter White-front,00:01:00,
9,LAB2-fear-5,00:01:00,
9,LAB2-Mike-Front,00:00:57,
9,LAB2-sad-3,00:00:58,
9,LAB2-Qin Shihuang-front,00:00:30,
9,LAB2-fear-2,00:00:58,√
9,LAB2-Newton-front,00:00:38,
9,LAB2-neutral-5,00:00:57,
9,LAB2-Cao Cao-Negative,00:00:58,
9,LAB2-happy-4,00:00:57,
9,LAB2-Emperor Wu of the Han Dynasty-front,00:00:57,
9,LAB2-sad-5,00:00:58,
9,LAB2-Ekaterina-front,00:01:00,
9,LAB2-happy-3,00:00:56,
9,LAB2-Edison-Negative,00:00:58,
9,LAB2-fear-4,00:00:58,
9,LAB2-Han Wu Emperor-Negative,00:01:00,
9,LAB2-neutral-1,00:01:00,
9,LAB2-Columbus-front,00:00:58,
9,LAB2-fear-1,00:01:00,
9,LAB2-Xiang Yu-Negative,00:01:00,
9,LAB2-neutral-3,00:00:57,
9,LAB2-Cao Cao-front,00:00:57,
9,LAB2-fear-3,00:00:58,
9,LAB2-Columbus-Negative,00:00:58,
9,LAB2-neutral-4,00:00:58,
9,LAB2-Mike-Negative,00:00:57,
9,LAB2-happy-5,00:00:52,
9,LAB2-Qin Shihuang-Negative,00:00:58,
9,LAB2-happy-1,00:00:57,
9,LAB2-Walter White-negative,00:00:53,
9,LAB2-sad-4,00:01:00,
9,LAB2-Newton-Negative,00:00:58,
9,LAB2-sad-1,00:00:58,
9,LAB2-Edison-front,00:00:58,
9,LAB2-neutral-2,00:00:57,√
9,LAB2-Ekaterina-Negative,00:01:00,√
8,END-experiment end video,00:00:02,
8,LAB1-Xiang Yu-negative,00:00:42,
8,LAB1-neutral-2,00:00:41,
8,LAB1-Walter White-front,00:00:58,√
8,LAB1-happy-5,00:00:30,
8,LAB1-Walter White-negative,00:00:58,
8,LAB1-neutral-5,00:00:36,
8,LAB1-Qin Shihuang-negative,00:01:00,√
8,LAB1-fear-3,00:00:31,
8,LAB1-happy-3,00:00:43,
8,LAB1-Newton-Negative,00:00:57,
8,LAB1-happy-1,00:00:30,
8,LAB1-Edison-Negative,00:00:38,
8,LAB1-Ekaterina-front,00:00:57,
8,LAB1-sad-4,00:00:36,
8,LAB1-Mike-Negative,00:00:56,√
8,LAB1-fear-4,00:00:37,
8,LAB1-Cao Cao-front,00:00:32,
8,LAB1-sad-5,00:00:57,
8,LAB1-Emperor Wu of the Han Dynasty-front,00:00:58,
8,LAB1-Qin Shihuang-front,00:00:57,√
8,LAB1-sad-2,00:00:52,
8,LAB1-Newton-front,00:00:57,√
8,LAB1-neutral-4,00:00:30,
8,LAB1-happy-2,00:00:58,√
8,LAB1-Columbus-Negative,00:00:56,
8,LAB1-fear-1,00:01:00,
8,LAB1-Columbus-front,00:00:41,
8,LAB1-neutral-1,00:00:56,
8,LAB1-Ekaterina-Negative,00:00:57,√
8,LAB1-sad-3,00:00:57,√
8,LAB1-Mike-front,00:00:58,√
8,LAB1-fear-5,00:00:57,
8,LAB1-Edison-front,00:00:55,
8,LAB1-sad-1,00:00:30,
8,LAB1-Emperor Wu of the Han Dynasty-negative,00:01:00,√
8,LAB1-happy-4,00:00:30,
8,LAB1-neutral-3,00:00:59,√
8,LAB1-Xiang Yu-front,00:01:00,√
8,LAB1-fear-2,00:01:00,
8,LAB1-Cao Cao-Negative,00:00:56,√
12,END-experiment end video,00:00:00,
12,LAB1-neutral-3,00:00:48,√
12,LAB1-neutral-1,00:00:58,√
12,LAB1-fear-4,00:00:44,
12,LAB1-Ekaterina-Negative,00:00:58,
12,LAB1-sad-1,00:01:00,
12,LAB1-Walter White-negative,00:00:58,
12,LAB1-happy-2,00:00:58,
12,LAB1-Newton-Negative,00:00:58,√
12,LAB1-fear-2,00:00:58,
12,LAB1-Mike-Negative,00:01:00,√
12,LAB1-sad-3,00:00:58,
12,LAB1-Cao Cao-Negative,00:00:58,
12,LAB1-happy-3,00:00:58,
12,LAB1-Emperor Wu of the Han Dynasty-front,00:00:58,
12,LAB1-neutral-5,00:01:00,√
12,LAB1-Walter White-front,00:01:00,√
12,LAB1-neutral-4,00:01:00,√
12,LAB1-Cao Cao-front,00:00:58,√
12,LAB1-happy-5,00:00:32,
12,LAB1-Emperor Wu of the Han Dynasty-negative,00:00:58,
12,LAB1-fear-5,00:01:00,
12,LAB1-Xiang Yu-front,00:00:58,
12,LAB1-fear-1,00:00:58,
12,LAB1-Qin Shihuang-negative,00:00:57,
12,LAB1-Columbus-Negative,00:00:57,
12,LAB1-Xiang Yu-negative,00:00:57,
12,LAB1-Ekaterina-front,00:00:57,
12,LAB1-happy-4,00:00:57,
12,LAB1-Edison-front,00:00:57,
12,LAB1-sad-2,00:00:32,
12,LAB1-Columbus-front,00:00:58,
12,LAB1-Qin Shihuang-front,00:00:32,
12,LAB1-happy-1,00:00:58,
12,LAB1-Edison-Negative,00:01:00,√
12,LAB1-sad-5,00:00:52,
12,LAB1-Newton-front,00:01:00,√
12,LAB1-fear-3,00:00:58,
12,LAB1-neutral-2,00:01:00,√
12,LAB1-sad-4,00:00:37,
12,LAB1-Mike-front,00:00:58,√
4,END-experiment end video,00:00:05,
4,LAB1-Edison-front,00:00:29,
4,LAB1-happy-3,00:00:33,√
4,LAB1-fear-4,00:00:31,
4,LAB1-sad-5,00:00:30,
4,LAB1-fear-5,00:00:31,
4,LAB1-sad-3,00:00:33,
4,LAB1-neutral-4,00:00:30,
4,LAB1-happy-1,00:00:42,
4,LAB1-Cao Cao-Negative,00:00:30,
4,LAB1-sad-4,00:00:30,
4,LAB1-Qin Shihuang-front,00:00:29,
4,LAB1-neutral-5,00:00:30,
4,LAB1-Mike-Negative,00:00:53,
4,LAB1-happy-4,00:00:30,
4,LAB1-Columbus-Negative,00:00:30,
4,LAB1-fear-1,00:00:31,
4,LAB1-Xiang Yu-front,00:00:30,
4,LAB1-Emperor Wu of the Han Dynasty-negative,00:00:31,
4,LAB1-Xiang Yu-negative,00:00:30,
4,LAB1-sad-1,00:00:38,
4,LAB1-Walter White-negative,00:00:30,
4,LAB1-Qin Shihuang-negative,00:00:30,
4,LAB1-neutral-2,00:00:30,
4,LAB1-Ekaterina-Negative,00:00:37,
4,LAB1-Newton-front,00:00:31,
4,F-irrelevant-28,00:00:00,
4,LAB1-Columbus-front,00:00:34,
4,LAB1-happy-5,00:00:32,
4,LAB1-Walter White-front,00:01:00,
4,LAB1-neutral-1,00:00:46,
4,LAB1-Newton-Negative,00:00:32,
4,LAB1-fear-3,00:00:31,
4,LAB1-Edison-Negative,00:00:31,
4,LAB1-fear-2,00:00:32,
4,LAB1-happy-2,00:01:00,
4,LAB1-Emperor Wu of the Han Dynasty-front,00:00:30,
4,LAB1-Cao Cao-front,00:00:31,
4,LAB1-sad-2,00:00:46,
4,LAB1-Ekaterina-front,00:00:58,
4,LAB1-Mike-front,00:00:42,
4,LAB1-neutral-3,00:01:00,
7,END-experiment end video,00:00:05,
7,LAB1-Xiang Yu-negative,00:00:43,
7,LAB1-Ekaterina-Negative,00:00:53,
7,LAB1-Mike-Negative,00:00:58,
7,LAB1-sad-3,00:00:58,
7,LAB1-Mike-front,00:00:52,
7,LAB1-Qin Shihuang-negative,00:00:33,
7,LAB1-fear-4,00:01:00,
7,LAB1-fear-2,00:00:58,
7,LAB1-Edison-Negative,00:00:58,
7,LAB1-sad-1,00:00:58,
7,LAB1-sad-5,00:00:58,
7,LAB1-happy-3,00:01:00,
7,LAB1-Columbus-Negative,00:00:32,
7,LAB1-Emperor Wu of the Han Dynasty-negative,00:00:57,
7,LAB1-Newton-Negative,00:00:58,
7,LAB1-neutral-2,00:00:57,
7,LAB1-happy-1,00:00:58,
7,LAB1-sad-2,00:00:58,
7,LAB1-Cao Cao-Negative,00:00:58,
7,LAB1-Emperor Wu of the Han Dynasty-front,00:00:38,
7,LAB1-neutral-5,00:00:43,√
7,LAB1-happy-2,00:01:00,√
7,LAB1-Walter White-front,00:00:58,
7,LAB1-neutral-3,00:00:33,
7,LAB1-fear-1,00:00:58,
7,LAB1-Edison-front,00:00:48,
7,LAB1-Xiang Yu-front,00:00:38,
7,LAB1-fear-3,00:01:00,
7,LAB1-Cao Cao-front,00:00:58,
7,LAB1-happy-5,00:00:58,√
7,LAB1-Columbus-front,00:00:57,
7,LAB1-Walter White-negative,00:00:58,
7,LAB1-neutral-1,00:00:52,√
7,LAB1-Qin Shihuang-front,00:00:46,
7,LAB1-sad-4,00:01:00,√
7,LAB1-happy-4,00:00:37,√
7,LAB1-fear-5,00:01:00,
7,LAB1-Newton-front,00:00:42,
7,LAB1-Ekaterina-front,00:00:38,
7,LAB1-neutral-4,00:00:57,
3,END-experiment end video,00:00:04,
3,LAB1-neutral-5,00:01:00,√
3,LAB1-fear-4,00:00:31,
3,LAB1-neutral-3,00:00:43,
3,LAB1-sad-2,00:00:58,
3,LAB1-Columbus-Negative,00:00:58,
3,LAB1-Qin Shihuang-front,00:00:43,
3,LAB1-happy-4,00:00:30,
3,LAB1-Ekaterina-front,00:00:58,
3,LAB1-fear-1,00:00:31,
3,LAB1-Mike-Negative,00:00:58,
3,LAB1-happy-1,00:00:58,
3,LAB1-Walter White-negative,00:00:58,
3,LAB1-Xiang Yu-front,00:00:33,
3,LAB1-sad-5,00:00:30,
3,LAB1-Cao Cao-front,00:00:58,
3,LAB1-Walter White-front,00:00:58,
3,LAB1-neutral-1,00:00:58,
3,LAB1-Emperor Wu of the Han Dynasty-negative,00:00:38,
3,LAB1-happy-3,00:00:58,
3,LAB1-Newton-Negative,00:00:56,√
3,LAB1-sad-3,00:00:30,
3,LAB1-Qin Shihuang-negative,00:00:58,√
3,LAB1-neutral-2,00:00:58,√
3,LAB1-fear-3,00:00:31,
3,LAB1-Edison-front,00:00:52,
3,LAB1-Cao Cao-Negative,00:00:58,
3,LAB1-happy-5,00:00:30,
3,LAB1-Emperor Wu of the Han Dynasty-front,00:00:58,√
3,LAB1-fear-2,00:00:31,
3,LAB1-Mike-front,00:00:58,
3,LAB1-sad-1,00:00:57,
3,LAB1-Ekaterina-Negative,00:00:58,
3,LAB1-Edison-Negative,00:00:53,
3,LAB1-sad-4,00:00:30,
3,LAB1-Newton-front,00:00:58,
3,LAB1-happy-2,00:00:58,
3,LAB1-fear-5,00:00:31,
3,LAB1-Xiang Yu-negative,00:00:30,
3,LAB1-neutral-4,00:01:00,
3,LAB1-Columbus-front,00:00:56,√
6,END-experiment end video,00:00:05,
6,LAB1-sad-2,00:00:30,
6,LAB1-Emperor Wu of the Han Dynasty-negative,00:00:33,
6,LAB1-sad-5,00:00:58,
6,LAB1-Columbus-front,00:00:30,
6,LAB1-sad-1,00:00:30,
6,LAB1-Ekaterina-Negative,00:00:30,
6,LAB1-fear-5,00:00:31,
6,LAB1-Mike-front,00:00:29,
6,LAB1-fear-2,00:00:58,
6,LAB1-Walter White-front,00:00:58,
6,LAB1-neutral-2,00:00:30,
6,LAB1-Xiang Yu-negative,00:00:30,
6,LAB1-neutral-3,00:00:30,
6,LAB1-Qin Shihuang-front,00:00:29,
6,LAB1-happy-4,00:00:30,
6,LAB1-fear-3,00:00:43,
6,LAB1-Cao Cao-front,00:00:31,
6,LAB1-Columbus-Negative,00:00:30,
6,LAB1-Ekaterina-front,00:00:33,
6,LAB1-happy-1,00:00:30,
6,LAB1-sad-3,00:00:43,
6,LAB1-neutral-4,00:00:53,
6,LAB1-Newton-front,00:00:31,
6,LAB1-Mike-Negative,00:00:48,
6,LAB1-happy-2,00:00:31,
6,LAB1-fear-4,00:00:31,
6,LAB1-Qin Shihuang-negative,00:00:30,
6,LAB1-Xiang Yu-front,00:00:30,
6,LAB1-Edison-Negative,00:00:58,
6,LAB1-fear-1,00:00:31,
6,LAB1-neutral-5,00:00:58,
6,LAB1-Edison-front,00:00:29,
6,LAB1-Walter White-negative,00:00:58,
6,LAB1-happy-5,00:00:56,
6,LAB1-Emperor Wu of the Han Dynasty-front,00:00:30,
6,LAB1-sad-4,00:00:57,
6,LAB1-Newton-Negative,00:00:48,
6,LAB1-happy-3,00:00:59,
6,LAB1-neutral-1,00:01:00,
6,LAB1-Cao Cao-Negative,00:00:40,
11,END-experiment end video,00:00:05,
11,LAB1-neutral-2,00:00:43,
11,LAB1-fear-3,00:00:58,
11,LAB1-Qin Shihuang-front,00:00:54,
11,LAB1-neutral-5,00:00:58,
11,LAB1-happy-2,00:00:58,
11,LAB1-Walter White-front,00:00:58,
11,LAB1-fear-4,00:00:58,
11,LAB1-sad-3,00:00:58,
11,LAB1-Xiang Yu-negative,00:00:58,
11,LAB1-sad-1,00:00:58,
11,LAB1-Mike-front,00:00:58,
11,LAB1-Emperor Wu of the Han Dynasty-negative,00:00:43,
11,LAB1-happy-3,00:00:58,
11,LAB1-sad-2,00:00:58,
11,LAB1-Ekaterina-Negative,00:00:53,
11,LAB1-Newton-front,00:01:00,
11,LAB1-neutral-3,00:00:38,
11,LAB1-happy-1,00:00:58,
11,LAB1-sad-5,00:00:57,
11,LAB1-Mike-Negative,00:00:58,
11,LAB1-Cao Cao-Negative,00:00:58,
11,LAB1-Qin Shihuang-negative,00:00:58,
11,LAB1-happy-5,00:00:58,
11,LAB1-fear-1,00:00:58,
11,LAB1-Xiang Yu-front,00:00:58,
11,LAB1-Emperor Wu of the Han Dynasty-front,00:00:58,
11,LAB1-fear-5,00:00:57,
11,LAB1-Newton-Negative,00:00:58,
11,LAB1-neutral-4,00:00:57,
11,LAB1-Walter White-negative,00:00:57,
11,LAB1-fear-2,00:01:00,
11,LAB1-happy-4,00:00:47,
11,LAB1-Cao Cao-front,00:00:58,
11,LAB1-Columbus-front,00:00:58,
11,LAB1-Edison-front,00:00:36,
11,LAB1-Edison-Negative,00:00:56,
11,LAB1-sad-4,00:01:00,
11,LAB1-Columbus-Negative,00:00:57,
11,LAB1-Ekaterina-front,00:00:41,
11,LAB1-neutral-1,00:01:00,√
10,LAB1-neutral-3,00:00:00,
10,LAB1-Walter White-front,00:00:36,
10,LAB1-fear-2,00:00:31,
10,LAB1-Ekaterina-front,00:01:00,
10,LAB1-sad-5,00:01:00,
10,LAB1-Cao Cao-Negative,00:00:59,
10,LAB1-happy-2,00:00:56,
10,LAB1-neutral-1,00:00:44,√
10,LAB1-Newton-front,00:01:00,
10,LAB1-fear-3,00:00:33,
10,LAB1-Qin Shihuang-front,00:00:53,
10,LAB1-fear-5,00:00:31,
10,LAB1-Mike-front,00:00:35,
10,LAB1-sad-2,00:00:58,
10,LAB1-Xiang Yu-negative,00:00:44,
10,LAB1-happy-3,00:01:00,
10,LAB1-Qin Shihuang-negative,00:00:58,
10,LAB1-fear-4,00:00:34,
10,LAB1-Columbus-Negative,00:00:53,
10,LAB1-sad-4,00:00:59,
10,LAB1-Newton-Negative,00:01:00,
10,LAB1-neutral-5,00:01:00,
10,LAB1-Walter White-negative,00:01:00,
10,LAB1-neutral-4,00:01:00,
10,LAB1-happy-5,00:00:42,
10,LAB1-Columbus-front,00:00:55,
10,LAB1-Emperor Wu of the Han Dynasty-negative,00:01:00,
10,LAB1-happy-4,00:00:44,
10,LAB1-Xiang Yu-front,00:00:40,
10,LAB1-happy-1,00:00:44,
10,LAB1-Edison-front,00:00:43,
10,LAB1-fear-1,00:00:31,
10,LAB1-Edison-Negative,00:00:37,
10,LAB1-Ekaterina-Negative,00:00:59,
10,LAB1-Emperor Wu of the Han Dynasty-front,00:00:37,
10,LAB1-sad-3,00:00:58,
10,LAB1-Mike-Negative,00:00:55,
10,LAB1-sad-1,00:00:47,
10,LAB1-neutral-2,00:01:00,
10,LAB1-Cao Cao-front,00:00:43,
2,LAB1-neutral-3,00:00:00,
2,LAB1-neutral-1,00:00:33,√
2,LAB1-fear-2,00:00:58,√
2,LAB1-Cao Cao-front,00:00:39,
2,LAB1-sad-2,00:00:30,
2,LAB1-Walter White-negative,00:00:30,
2,LAB1-fear-5,00:00:31,√
2,LAB1-Columbus-front,00:00:30,
2,LAB1-sad-5,00:00:30,
2,LAB1-Qin Shihuang-negative,00:00:30,
2,LAB1-fear-3,00:01:00,√
2,LAB1-Newton-front,00:00:31,
2,LAB1-sad-4,00:00:38,√
2,LAB1-Qin Shihuang-front,00:00:33,√
2,LAB1-happy-3,00:00:37,
2,LAB1-Emperor Wu of the Han Dynasty-negative,00:00:33,
2,LAB1-neutral-5,00:00:38,√
2,LAB1-Newton-Negative,00:00:43,√
2,LAB1-happy-5,00:00:48,
2,LAB1-Ekaterina-front,00:00:58,√
2,LAB1-Edison-Negative,00:00:38,
2,LAB1-happy-2,00:00:43,
2,LAB1-Columbus-Negative,00:00:48,
2,LAB1-neutral-4,00:00:58,√
2,LAB1-Mike-front,00:00:58,√
2,LAB1-fear-4,00:00:53,√
2,LAB1-Xiang Yu-negative,00:00:38,
2,LAB1-fear-1,00:00:58,√
2,LAB1-Ekaterina-Negative,00:00:38,
2,LAB1-sad-1,00:00:30,
2,LAB1-Xiang Yu-front,00:00:33,
2,LAB1-Emperor Wu of the Han Dynasty-front,00:00:43,√
2,LAB1-happy-4,00:00:32,
2,LAB1-Cao Cao-Negative,00:00:57,√
2,LAB1-happy-1,00:00:48,
2,LAB1-Mike-Negative,00:00:38,√
2,LAB1-sad-3,00:00:33,
2,LAB1-Walter White-front,00:00:37,√
2,LAB1-neutral-2,00:00:32,√
2,LAB1-Edison-front,00:00:30,
5,END-experiment end video,00:00:00,
5,LAB1-happy-3,00:00:41,
5,LAB1-neutral-3,00:00:00,
5,LAB1-happy-4,00:00:48,
5,LAB1-Walter White-negative,00:00:37,
5,LAB1-fear-5,00:01:00,
5,LAB1-Columbus-Negative,00:00:57,
5,LAB1-fear-1,00:00:33,
5,LAB1-Mike-Negative,00:00:53,
5,LAB1-sad-4,00:00:58,
5,LAB1-Cao Cao-front,00:00:58,
5,LAB1-happy-1,00:00:36,
5,LAB1-Qin Shihuang-negative,00:00:37,
5,LAB1-fear-3,00:00:58,
5,LAB1-Ekaterina-front,00:01:00,
5,LAB1-neutral-4,00:00:58,
5,LAB1-Xiang Yu-front,00:00:55,
5,LAB1-sad-5,00:01:00,
5,LAB1-Emperor Wu of the Han Dynasty-front,00:01:00,
5,LAB1-neutral-1,00:00:48,
5,LAB1-Newton-Negative,00:01:00,
5,LAB1-sad-1,00:01:00,
5,LAB1-Ekaterina-Negative,00:00:59,
5,LAB1-Mike-front,00:00:32,
5,LAB1-happy-5,00:01:00,
5,LAB1-Qin Shihuang-front,00:00:57,
5,LAB1-fear-4,00:00:53,
5,LAB1-Edison-front,00:00:32,
5,LAB1-neutral-5,00:01:00,
5,LAB1-Xiang Yu-negative,00:00:47,
5,LAB1-Cao Cao-Negative,00:00:59,
5,LAB1-sad-2,00:00:57,
5,LAB1-Walter White-front,00:01:00,
5,LAB1-happy-2,00:01:00,
5,LAB1-Emperor Wu of the Han Dynasty-negative,00:01:00,√
5,LAB1-fear-2,00:01:00,
5,LAB1-Edison-Negative,00:00:30,
5,LAB1-Newton-front,00:00:57,
5,LAB1-sad-3,00:00:53,
5,LAB1-Columbus-front,00:00:39,
5,LAB1-neutral-2,00:00:50,√
9,END-experiment end video,00:00:03,
9,LAB1-sad-5,00:01:00,
9,LAB1-Columbus-Negative,00:00:59,
9,LAB1-happy-5,00:00:42,
9,LAB1-Newton-Negative,00:01:00,√
9,LAB1-neutral-5,00:01:00,
9,LAB1-happy-3,00:01:00,
9,LAB1-fear-3,00:01:00,√
9,LAB1-Cao Cao-Negative,00:00:47,
9,LAB1-sad-1,00:01:00,
9,LAB1-Mike-Negative,00:01:00,√
9,LAB1-neutral-1,00:01:00,
9,LAB1-Walter White-negative,00:01:00,√
9,LAB1-sad-4,00:01:00,
9,LAB1-Emperor Wu of the Han Dynasty-negative,00:00:35,
9,LAB1-neutral-3,00:01:00,
9,LAB1-Xiang Yu-front,00:00:34,
9,LAB1-Edison-front,00:00:31,
9,LAB1-Columbus-front,00:00:35,
9,LAB1-sad-3,00:01:00,
9,LAB1-happy-1,00:01:00,
9,LAB1-Qin Shihuang-front,00:00:31,
9,LAB1-Ekaterina-Negative,00:00:59,
9,LAB1-happy-2,00:01:00,
9,LAB1-Mike-front,00:00:58,√
9,LAB1-sad-2,00:01:00,√
9,LAB1-Qin Shihuang-negative,00:00:33,
9,LAB1-Cao Cao-front,00:01:00,
9,LAB1-fear-2,00:01:00,√
9,LAB1-Emperor Wu of the Han Dynasty-front,00:01:00,
9,LAB1-fear-1,00:01:00,√
9,LAB1-Edison-Negative,00:01:00,
9,LAB1-neutral-2,00:01:00,
9,LAB1-Walter White-front,00:01:00,√
9,LAB1-fear-5,00:01:00,√
9,LAB1-happy-4,00:01:00,
9,LAB1-Xiang Yu-negative,00:00:57,
9,LAB1-fear-4,00:01:00,√
9,LAB1-Newton-front,00:01:00,
9,LAB1-Ekaterina-front,00:01:00,√
9,LAB1-neutral-4,00:01:00,
9,,00:00:59,
1,END-experiment end video,00:00:00,
1,LAB1-Edison-front,00:00:29,
1,LAB1-Newton-front,00:00:33,
1,LAB1-happy-1,00:00:58,
1,LAB1-fear-4,00:00:58,
1,LAB1-Xiang Yu-negative,00:00:57,
1,LAB1-neutral-4,00:00:58,
1,LAB1-sad-5,00:00:58,
1,LAB1-Emperor Wu of the Han Dynasty-negative,00:00:58,
1,LAB1-sad-3,00:00:57,
1,LAB1-neutral-5,00:01:00,√
1,LAB1-Columbus-front,00:00:58,
1,LAB1-happy-4,00:00:31,
1,LAB1-Ekaterina-Negative,00:00:59,
1,LAB1-happy-2,00:01:00,
1,LAB1-Walter White-negative,00:00:57,
1,LAB1-sad-4,00:01:00,
1,LAB1-Xiang Yu-front,00:00:33,
1,LAB1-Emperor Wu of the Han Dynasty-front,00:00:58,
1,LAB1-fear-2,00:01:00,
1,LAB1-Qin Shihuang-front,00:00:57,
1,LAB1-sad-1,00:01:00,
1,LAB1-Walter White-front,00:01:00,
1,LAB1-neutral-2,00:01:00,√
1,LAB1-Mike-Negative,00:00:31,
1,LAB1-happy-5,00:00:57,
1,LAB1-Columbus-Negative,00:00:30,
1,LAB1-fear-3,00:01:00,
1,LAB1-Newton-Negative,00:01:00,√
1,LAB1-happy-3,00:00:33,
1,LAB1-Cao Cao-front,00:00:31,
1,LAB1-fear-5,00:01:00,
1,LAB1-Cao Cao-Negative,00:00:30,
1,LAB1-neutral-3,00:01:00,√
1,LAB1-Qin Shihuang-negative,00:00:31,
1,LAB1-Ekaterina-front,00:01:00,
1,LAB1-fear-1,00:01:00,
1,LAB1-sad-2,00:00:31,
1,,00:01:00,
1,LAB1-neutral-1,00:01:00,√
1,LAB1-Mike-front,00:00:31,
